## ,[1],"""actual"" ","""algorithm"""," ""also"" ","""alway"" ","""amort"" "
##  ,[6],"""analysi"" ","""analyz""     ","""anoth""   ","""answer""   ","""approxim""  "
##  ,[11] ,"""arbitrari""  ","""array""      ","""assign""     ","""assum""      ","""base""      "
##  ,[16] ,"""binari""     ","""bit""        ","""bolt""       ","""bound""      ","""call""      "
##  ,[21] ,"""can""        ","""capac""      ","""case""       ","""chang""      ","""choos""     "
##  ,[26] ,"""class""      ","""cluster""    ","""color""      ","""common""     ","""compon""    "
##  ,[31] ,"""comput""     ","""connect""    ","""consid""     ","""constant""   ","""contain""   "
##  ,[36] ,"""correct""    ","""cost""       ","""cover""      ","""cut""        ","""cycl""      "
##  ,[41] ,"""data""       ","""dataset""    ","""decis""      ","""de?n""       ","""de?nit""    "
##  ,[46] ,"""denot""      ","""depth""      ","""describ""    ","""determin""   ","""develop""   "
##  ,[51] ,"""differ""     ","""direct""     ","""distanc""    ","""distribut""  ","""dont""      "
##  ,[56] ,"""dynam""      ","""edg""        ","""edit""       ","""ef?cient""   ","""either""    "
##  ,[61] ,"""element""    ","""els""        ","""end""        ","""equal""      ","""even""      "
##  ,[66] ,"""event""      ","""everi""      ","""exact""      ","""exampl""     ","""expect""    "
##  ,[71] ,"""fact""       ","""feasibl""    ","""follow""     ","""form""       ","""formula""   "
##  ,[76] ,"""function""   ","""game""       ","""general""    ","""get""        ","""give""      "
##  ,[81] ,"""given""      ","""graph""      ","""greedi""     ","""hash""       ","""hint""      "
##  ,[86] ,"""http""       ","""impli""      ","""includ""     ","""increas""    ","""independ""  "
##  ,[91] ,"""indic""      ","""induct""     ","""input""      ","""insert""     ","""integ""     "
##  ,[96] ,"""interest""   ","""item""       ","""jeff""       ","""just""       ","""key""       "
## ,[101] ,"""know""       ","""larg""       ","""largest""    ","""least""      ","""lectur""    "
## ,[106] ,"""length""     ","""level""      ","""licens""     ","""like""       ","""line""      "
## ,[111] ,"""linear""     ","""list""       ","""log""        ","""look""       ","""make""      "
## ,[116] ,"""mani""       ","""map""        ","""match""      ","""maximum""    ","""may""       "
## ,[121] ,"""mean""       ","""method""     ","""might""      ","""mine""       ","""minimum""   "
## ,[126] ,"""model""      ","""move""       ","""multipl""    ","""must""       ","""?nd""       "
## ,[131] ,"""need""       ","""network""    ","""new""        ","""node""       ","""note""      "
## ,[136] ,"""now""        ","""nphard""     ","""number""     ","""oper""       ","""optim""     "
## ,[141] ,"""order""      ","""origin""     ","""?ow""        ","""pair""       ","""particular"""
## ,[146] ,"""path""       ","""pattern""    ","""perform""    ","""pmml""       ","""point""     "
## ,[151] ,"""polynomi""   ","""popul""      ","""posit""      ","""possibl""    ","""prioriti""  "
## ,[156] ,"""probabl""    ","""problem""    ","""program""    ","""proof""      ","""random""    "
## ,[161] ,"""rank""       ","""rattl""      ","""recurr""     ","""recurs""     ","""reduct""    "
## ,[166] ,"""repres""     ","""requir""     ","""result""     ","""return""     ","""right""     "
## ,[171] ,"""root""       ","""?rst""       ","""run""        ","""search""     ","""see""       "
## ,[176] ,"""sequenc""    ","""set""        ","""shortest""   ","""show""       ","""simpl""     "
## ,[181] ,"""sinc""       ","""singl""      ","""size""       ","""small""      ","""smallest""  "
## ,[186] ,"""solut""      ","""solv""       ","""sort""       ","""span""       ","""start""     "
## ,[191] ,"""step""       ","""strong""     ","""structur""   ","""subset""     ","""sum""       "
## ,[196] ,"""suppos""     ","""system""     ","""tabl""       ","""take""       ","""target""    "
## ,[201] ,"""term""       ","""theorem""    ","""three""      ","""thus""       ","""time""      "
## ,[206] ,"""total""      ","""transform""  ","""tree""       ","""true""       ","""two""       "
## ,[211] ,"""use""        ","""valu""       ","""variabl""    ","""vector""     ","""vertex""    "
## ,[216] ,"""vertic""     ","""want""       ","""way""        ","""weight""     ","""whether""   "
## ,[221] ,"""will""       ","""word""       ","""work""       ","""worst""","""function"""
